week_start,baseline_weeks,country_name,country_code,contact_reason_name,contact_reason_id,metric,metric_label,current_value,baseline_value,abs_change,pct_change,direction,severity,impact_score,csat_responses,contact_volume,hypothesis
2026-04-20,"2026-03-23, 2026-03-30, 2026-04-06, 2026-04-13",Poland,PL,Account issue,account_issue,avg_csat,CSAT,3.0,4.5,-1.5,-0.3333333333333333,worse,high,30.0,1.0,6.0,"Customer sentiment weakened. Validate response count, complaint themes, and whether FCR or AHT also deteriorated."
2026-04-20,"2026-03-23, 2026-03-30, 2026-04-06, 2026-04-13",Austria,AT,Payment issue,payment_issue,avg_csat,CSAT,3.67,4.625,-0.9550000000000001,-0.20648648648648651,worse,high,19.1,3.0,3.0,"Customer sentiment weakened. Validate response count, complaint themes, and whether FCR or AHT also deteriorated."
2026-04-20,"2026-03-23, 2026-03-30, 2026-04-06, 2026-04-13",United Kingdom,UK,Cancellation,cancellation,avg_csat,CSAT,3.5,4.27,-0.7699999999999996,-0.18032786885245894,worse,high,15.399999999999991,4.0,16.0,"Customer sentiment weakened. Validate response count, complaint themes, and whether FCR or AHT also deteriorated."
2026-04-20,"2026-03-23, 2026-03-30, 2026-04-06, 2026-04-13",United Kingdom,UK,Cancellation,cancellation,fcr_rate,FCR,0.8571,1.0,-0.14290000000000003,-0.14290000000000003,worse,high,14.290000000000003,4.0,16.0,"Resolution quality weakened. Validate reopen reasons, policy ambiguity, and agent coaching opportunities."
2026-04-20,"2026-03-23, 2026-03-30, 2026-04-06, 2026-04-13",Netherlands,NL,Payment issue,payment_issue,avg_csat,CSAT,3.33,4.0,-0.6699999999999999,-0.16749999999999998,worse,high,13.399999999999999,3.0,9.0,"Customer sentiment weakened. Validate response count, complaint themes, and whether FCR or AHT also deteriorated."
2026-04-20,"2026-03-23, 2026-03-30, 2026-04-06, 2026-04-13",Netherlands,NL,Late delivery,late_delivery,fcr_rate,FCR,0.8214,0.9378,-0.11639999999999995,-0.12412028150991677,worse,high,11.639999999999995,14.0,30.0,"Resolution quality weakened. Validate reopen reasons, policy ambiguity, and agent coaching opportunities."
2026-04-20,"2026-03-23, 2026-03-30, 2026-04-06, 2026-04-13",Poland,PL,Late delivery,late_delivery,fcr_rate,FCR,0.7273,0.840475,-0.11317500000000003,-0.13465599809631462,worse,high,11.317500000000003,6.0,23.0,"Resolution quality weakened. Validate reopen reasons, policy ambiguity, and agent coaching opportunities."
2026-04-20,"2026-03-23, 2026-03-30, 2026-04-06, 2026-04-13",Germany,DE,Payment issue,payment_issue,fcr_rate,FCR,0.8571,0.964275,-0.10717500000000002,-0.11114567939643775,worse,high,10.717500000000001,4.0,8.0,"Resolution quality weakened. Validate reopen reasons, policy ambiguity, and agent coaching opportunities."
2026-04-20,"2026-03-23, 2026-03-30, 2026-04-06, 2026-04-13",Austria,AT,Refund request,refund_request,fcr_rate,FCR,0.8,0.901775,-0.10177499999999995,-0.11286074686035868,worse,high,10.177499999999995,3.0,7.0,"Resolution quality weakened. Validate reopen reasons, policy ambiguity, and agent coaching opportunities."
2026-04-20,"2026-03-23, 2026-03-30, 2026-04-06, 2026-04-13",United Kingdom,UK,Account issue,account_issue,fcr_rate,FCR,0.8571,0.958325,-0.10122500000000001,-0.10562700545222134,worse,high,10.1225,0,8.0,"Resolution quality weakened. Validate reopen reasons, policy ambiguity, and agent coaching opportunities."
2026-04-20,"2026-03-23, 2026-03-30, 2026-04-06, 2026-04-13",United Kingdom,UK,Refund request,refund_request,avg_csat,CSAT,4.0,4.415,-0.41500000000000004,-0.09399773499433749,worse,high,8.3,3.0,12.0,"Customer sentiment weakened. Validate response count, complaint themes, and whether FCR or AHT also deteriorated."
2026-04-20,"2026-03-23, 2026-03-30, 2026-04-06, 2026-04-13",Germany,DE,Missing item,missing_item,fcr_rate,FCR,0.8824,0.9625,-0.08010000000000006,-0.08322077922077928,worse,high,8.010000000000005,4.0,18.0,"Resolution quality weakened. Validate reopen reasons, policy ambiguity, and agent coaching opportunities."
2026-04-20,"2026-03-23, 2026-03-30, 2026-04-06, 2026-04-13",Poland,PL,Refund request,refund_request,compensation_cost,Compensation cost,103.6,30.345,73.255,2.414071510957324,worse,high,7.3255,3.0,9.0,"Compensation exposure increased. Validate refund and voucher drivers, policy exceptions, and duplicate compensation controls."
2026-04-20,"2026-03-23, 2026-03-30, 2026-04-06, 2026-04-13",Austria,AT,Late delivery,late_delivery,fcr_rate,FCR,0.8462,0.91445,-0.06825000000000003,-0.07463502651867246,worse,high,6.825000000000003,7.0,13.0,"Resolution quality weakened. Validate reopen reasons, policy ambiguity, and agent coaching opportunities."
2026-04-20,"2026-03-23, 2026-03-30, 2026-04-06, 2026-04-13",Germany,DE,Cancellation,cancellation,fcr_rate,FCR,0.8889,0.9546250000000001,-0.06572500000000003,-0.06884902448605476,worse,high,6.572500000000003,12.0,19.0,"Resolution quality weakened. Validate reopen reasons, policy ambiguity, and agent coaching opportunities."
2026-04-20,"2026-03-23, 2026-03-30, 2026-04-06, 2026-04-13",Austria,AT,Cancellation,cancellation,fcr_rate,FCR,0.8889,0.95,-0.06109999999999993,-0.06431578947368415,worse,high,6.109999999999993,3.0,9.0,"Resolution quality weakened. Validate reopen reasons, policy ambiguity, and agent coaching opportunities."
2026-04-20,"2026-03-23, 2026-03-30, 2026-04-06, 2026-04-13",Netherlands,NL,Cancellation,cancellation,backlog_end_of_week,Backlog,8.0,2.25,5.75,2.5555555555555554,worse,high,5.75,3.0,14.0,"Backlog pressure increased. Validate staffing coverage, unresolved queue age, and whether AHT or volume also rose."
2026-04-20,"2026-03-23, 2026-03-30, 2026-04-06, 2026-04-13",Germany,DE,Late delivery,late_delivery,fcr_rate,FCR,0.8462,0.8930750000000001,-0.04687500000000011,-0.05248719312487765,worse,high,4.687500000000011,5.0,41.0,"Resolution quality weakened. Validate reopen reasons, policy ambiguity, and agent coaching opportunities."
2026-04-20,"2026-03-23, 2026-03-30, 2026-04-06, 2026-04-13",United Kingdom,UK,Refund request,refund_request,fcr_rate,FCR,0.9091,0.95455,-0.04544999999999999,-0.04761405898067151,worse,high,4.544999999999999,3.0,12.0,"Resolution quality weakened. Validate reopen reasons, policy ambiguity, and agent coaching opportunities."
2026-04-20,"2026-03-23, 2026-03-30, 2026-04-06, 2026-04-13",Austria,AT,Refund request,refund_request,compensation_cost,Compensation cost,73.94,29.6125,44.3275,1.4969185310257493,worse,high,4.43275,3.0,7.0,"Compensation exposure increased. Validate refund and voucher drivers, policy exceptions, and duplicate compensation controls."
2026-04-20,"2026-03-23, 2026-03-30, 2026-04-06, 2026-04-13",Netherlands,NL,Missing item,missing_item,backlog_end_of_week,Backlog,6.0,1.75,4.25,2.4285714285714284,worse,high,4.25,3.0,13.0,"Backlog pressure increased. Validate staffing coverage, unresolved queue age, and whether AHT or volume also rose."
2026-04-20,"2026-03-23, 2026-03-30, 2026-04-06, 2026-04-13",United Kingdom,UK,Payment issue,payment_issue,backlog_end_of_week,Backlog,5.0,1.25,3.75,3.0,worse,high,3.75,2.0,8.0,"Backlog pressure increased. Validate staffing coverage, unresolved queue age, and whether AHT or volume also rose."
2026-04-20,"2026-03-23, 2026-03-30, 2026-04-06, 2026-04-13",Austria,AT,Refund request,refund_request,backlog_end_of_week,Backlog,4.0,1.75,2.25,1.2857142857142858,worse,high,2.25,3.0,7.0,"Backlog pressure increased. Validate staffing coverage, unresolved queue age, and whether AHT or volume also rose."
2026-04-20,"2026-03-23, 2026-03-30, 2026-04-06, 2026-04-13",Poland,PL,Refund request,refund_request,backlog_end_of_week,Backlog,4.0,1.75,2.25,1.2857142857142858,worse,high,2.25,3.0,9.0,"Backlog pressure increased. Validate staffing coverage, unresolved queue age, and whether AHT or volume also rose."
2026-04-20,"2026-03-23, 2026-03-30, 2026-04-06, 2026-04-13",Austria,AT,Account issue,account_issue,backlog_end_of_week,Backlog,3.0,1.0,2.0,2.0,worse,high,2.0,1.0,4.0,"Backlog pressure increased. Validate staffing coverage, unresolved queue age, and whether AHT or volume also rose."
2026-04-20,"2026-03-23, 2026-03-30, 2026-04-06, 2026-04-13",Poland,PL,Missing item,missing_item,backlog_end_of_week,Backlog,4.0,2.0,2.0,1.0,worse,high,2.0,2.0,7.0,"Backlog pressure increased. Validate staffing coverage, unresolved queue age, and whether AHT or volume also rose."
2026-04-20,"2026-03-23, 2026-03-30, 2026-04-06, 2026-04-13",Austria,AT,Payment issue,payment_issue,avg_aht_minutes,AHT,12.61,11.2,1.4100000000000001,0.12589285714285717,worse,medium,17.7801,3.0,3.0,"Contacts became more complex or slower to resolve. Validate escalation share, agent tenure, macros, and tooling issues."
2026-04-20,"2026-03-23, 2026-03-30, 2026-04-06, 2026-04-13",Germany,DE,Refund request,refund_request,avg_aht_minutes,AHT,10.25,9.0925,1.1575000000000006,0.12730272202364595,worse,medium,11.864375000000006,6.0,8.0,"Contacts became more complex or slower to resolve. Validate escalation share, agent tenure, macros, and tooling issues."
2026-04-20,"2026-03-23, 2026-03-30, 2026-04-06, 2026-04-13",Netherlands,NL,Missing item,missing_item,avg_aht_minutes,AHT,7.85,6.7025,1.1475,0.1712047743379336,worse,medium,9.007874999999999,3.0,13.0,"Contacts became more complex or slower to resolve. Validate escalation share, agent tenure, macros, and tooling issues."
2026-04-20,"2026-03-23, 2026-03-30, 2026-04-06, 2026-04-13",Germany,DE,Payment issue,payment_issue,avg_aht_minutes,AHT,9.5,8.6125,0.8874999999999993,0.1030478955007256,worse,medium,8.431249999999993,4.0,8.0,"Contacts became more complex or slower to resolve. Validate escalation share, agent tenure, macros, and tooling issues."
2026-04-20,"2026-03-23, 2026-03-30, 2026-04-06, 2026-04-13",Germany,DE,Account issue,account_issue,avg_aht_minutes,AHT,9.23,8.317499999999999,0.9125000000000014,0.10970844604749042,worse,medium,8.422375000000013,0,3.0,"Contacts became more complex or slower to resolve. Validate escalation share, agent tenure, macros, and tooling issues."
2026-04-20,"2026-03-23, 2026-03-30, 2026-04-06, 2026-04-13",United Kingdom,UK,Refund request,refund_request,avg_aht_minutes,AHT,9.69,8.845,0.8449999999999989,0.09553420011305809,worse,medium,8.188049999999988,3.0,12.0,"Contacts became more complex or slower to resolve. Validate escalation share, agent tenure, macros, and tooling issues."
2026-04-20,"2026-03-23, 2026-03-30, 2026-04-06, 2026-04-13",United Kingdom,UK,Missing item,missing_item,avg_aht_minutes,AHT,7.66,6.6175,1.0425000000000004,0.15753683415187011,worse,medium,7.9855500000000035,4.0,7.0,"Contacts became more complex or slower to resolve. Validate escalation share, agent tenure, macros, and tooling issues."
2026-04-20,"2026-03-23, 2026-03-30, 2026-04-06, 2026-04-13",Germany,DE,Cancellation,cancellation,avg_csat,CSAT,3.92,4.2375,-0.3174999999999999,-0.0749262536873156,worse,medium,6.349999999999998,12.0,19.0,"Customer sentiment weakened. Validate response count, complaint themes, and whether FCR or AHT also deteriorated."
2026-04-20,"2026-03-23, 2026-03-30, 2026-04-06, 2026-04-13",Germany,DE,Missing item,missing_item,avg_aht_minutes,AHT,7.53,6.6975,0.8325000000000005,0.12430011198208293,worse,medium,6.268725000000003,4.0,18.0,"Contacts became more complex or slower to resolve. Validate escalation share, agent tenure, macros, and tooling issues."
2026-04-20,"2026-03-23, 2026-03-30, 2026-04-06, 2026-04-13",United Kingdom,UK,Missing item,missing_item,avg_csat,CSAT,4.25,4.5425,-0.2925000000000004,-0.06439185470555871,worse,medium,5.8500000000000085,4.0,7.0,"Customer sentiment weakened. Validate response count, complaint themes, and whether FCR or AHT also deteriorated."
2026-04-20,"2026-03-23, 2026-03-30, 2026-04-06, 2026-04-13",Austria,AT,Missing item,missing_item,avg_csat,CSAT,4.0,4.223333333333334,-0.2233333333333336,-0.052880820836622,worse,medium,4.466666666666672,1.0,5.0,"Customer sentiment weakened. Validate response count, complaint themes, and whether FCR or AHT also deteriorated."
2026-04-20,"2026-03-23, 2026-03-30, 2026-04-06, 2026-04-13",Netherlands,NL,Refund request,refund_request,fcr_rate,FCR,0.875,0.905875,-0.030874999999999986,-0.03408306885607836,worse,medium,3.0874999999999986,2.0,9.0,"Resolution quality weakened. Validate reopen reasons, policy ambiguity, and agent coaching opportunities."
2026-04-20,"2026-03-23, 2026-03-30, 2026-04-06, 2026-04-13",Germany,DE,Refund request,refund_request,fcr_rate,FCR,0.875,0.895825,-0.020824999999999982,-0.023246727876538368,worse,medium,2.0824999999999982,6.0,8.0,"Resolution quality weakened. Validate reopen reasons, policy ambiguity, and agent coaching opportunities."
2026-04-20,"2026-03-23, 2026-03-30, 2026-04-06, 2026-04-13",Germany,DE,Late delivery,late_delivery,compensation_cost,Compensation cost,216.41,196.7075,19.702499999999986,0.10016140716546133,worse,medium,1.9702499999999987,5.0,41.0,"Compensation exposure increased. Validate refund and voucher drivers, policy exceptions, and duplicate compensation controls."
2026-04-20,"2026-03-23, 2026-03-30, 2026-04-06, 2026-04-13",Netherlands,NL,Late delivery,late_delivery,compensation_cost,Compensation cost,123.39,104.7825,18.6075,0.17758213442130127,worse,medium,1.8607500000000001,14.0,30.0,"Compensation exposure increased. Validate refund and voucher drivers, policy exceptions, and duplicate compensation controls."
2026-04-20,"2026-03-23, 2026-03-30, 2026-04-06, 2026-04-13",Germany,DE,Refund request,refund_request,backlog_end_of_week,Backlog,4.0,3.0,1.0,0.3333333333333333,worse,medium,1.0,6.0,8.0,"Backlog pressure increased. Validate staffing coverage, unresolved queue age, and whether AHT or volume also rose."
2026-04-20,"2026-03-23, 2026-03-30, 2026-04-06, 2026-04-13",Poland,PL,Cancellation,cancellation,backlog_end_of_week,Backlog,5.0,4.0,1.0,0.25,worse,medium,1.0,2.0,17.0,"Backlog pressure increased. Validate staffing coverage, unresolved queue age, and whether AHT or volume also rose."
2026-04-20,"2026-03-23, 2026-03-30, 2026-04-06, 2026-04-13",United Kingdom,UK,Missing item,missing_item,backlog_end_of_week,Backlog,3.0,2.25,0.75,0.3333333333333333,worse,medium,0.75,4.0,7.0,"Backlog pressure increased. Validate staffing coverage, unresolved queue age, and whether AHT or volume also rose."
2026-04-20,"2026-03-23, 2026-03-30, 2026-04-06, 2026-04-13",Poland,PL,Account issue,account_issue,backlog_end_of_week,Backlog,2.0,1.5,0.5,0.3333333333333333,worse,medium,0.5,1.0,6.0,"Backlog pressure increased. Validate staffing coverage, unresolved queue age, and whether AHT or volume also rose."
2026-04-20,"2026-03-23, 2026-03-30, 2026-04-06, 2026-04-13",Austria,AT,Refund request,refund_request,avg_aht_minutes,AHT,9.26,8.6675,0.5924999999999994,0.06835881165272563,worse,monitor,5.486549999999994,3.0,7.0,"Contacts became more complex or slower to resolve. Validate escalation share, agent tenure, macros, and tooling issues."
2026-04-20,"2026-03-23, 2026-03-30, 2026-04-06, 2026-04-13",Netherlands,NL,Cancellation,cancellation,avg_aht_minutes,AHT,6.49,5.8325,0.6575000000000006,0.11273039005572236,worse,monitor,4.267175000000004,3.0,14.0,"Contacts became more complex or slower to resolve. Validate escalation share, agent tenure, macros, and tooling issues."
2026-04-20,"2026-03-23, 2026-03-30, 2026-04-06, 2026-04-13",Netherlands,NL,Late delivery,late_delivery,avg_aht_minutes,AHT,7.81,7.425,0.3849999999999998,0.05185185185185182,worse,monitor,3.0068499999999982,14.0,30.0,"Contacts became more complex or slower to resolve. Validate escalation share, agent tenure, macros, and tooling issues."
2026-04-20,"2026-03-23, 2026-03-30, 2026-04-06, 2026-04-13",Poland,PL,Cancellation,cancellation,avg_csat,CSAT,4.0,4.126666666666666,-0.12666666666666604,-0.030694668820678367,worse,monitor,2.533333333333321,2.0,17.0,"Customer sentiment weakened. Validate response count, complaint themes, and whether FCR or AHT also deteriorated."
2026-04-20,"2026-03-23, 2026-03-30, 2026-04-06, 2026-04-13",Austria,AT,Refund request,refund_request,avg_csat,CSAT,3.67,3.7925,-0.12250000000000005,-0.03230059327620305,worse,monitor,2.450000000000001,3.0,7.0,"Customer sentiment weakened. Validate response count, complaint themes, and whether FCR or AHT also deteriorated."
2026-04-20,"2026-03-23, 2026-03-30, 2026-04-06, 2026-04-13",Poland,PL,Refund request,refund_request,avg_aht_minutes,AHT,8.49,8.219999999999999,0.27000000000000135,0.03284671532846732,worse,monitor,2.2923000000000116,3.0,9.0,"Contacts became more complex or slower to resolve. Validate escalation share, agent tenure, macros, and tooling issues."
2026-04-20,"2026-03-23, 2026-03-30, 2026-04-06, 2026-04-13",Netherlands,NL,Account issue,account_issue,cancellation_rate,Cancellation rate,0.0549,0.0404,0.014499999999999999,0.3589108910891089,worse,monitor,1.45,0,3.0,"Cancellation rate rose in Netherlands. Validate product availability, delivery promises, and country-level demand mix."
2026-04-20,"2026-03-23, 2026-03-30, 2026-04-06, 2026-04-13",Netherlands,NL,Cancellation,cancellation,cancellation_rate,Cancellation rate,0.0549,0.0404,0.014499999999999999,0.3589108910891089,worse,monitor,1.45,3.0,14.0,"Cancellation rate rose in Netherlands. Validate product availability, delivery promises, and country-level demand mix."
2026-04-20,"2026-03-23, 2026-03-30, 2026-04-06, 2026-04-13",Netherlands,NL,Late delivery,late_delivery,cancellation_rate,Cancellation rate,0.0549,0.0404,0.014499999999999999,0.3589108910891089,worse,monitor,1.45,14.0,30.0,"Cancellation rate rose in Netherlands. Validate product availability, delivery promises, and country-level demand mix."
2026-04-20,"2026-03-23, 2026-03-30, 2026-04-06, 2026-04-13",Netherlands,NL,Missing item,missing_item,cancellation_rate,Cancellation rate,0.0549,0.0404,0.014499999999999999,0.3589108910891089,worse,monitor,1.45,3.0,13.0,"Cancellation rate rose in Netherlands. Validate product availability, delivery promises, and country-level demand mix."
2026-04-20,"2026-03-23, 2026-03-30, 2026-04-06, 2026-04-13",Netherlands,NL,Payment issue,payment_issue,cancellation_rate,Cancellation rate,0.0549,0.0404,0.014499999999999999,0.3589108910891089,worse,monitor,1.45,3.0,9.0,"Cancellation rate rose in Netherlands. Validate product availability, delivery promises, and country-level demand mix."
2026-04-20,"2026-03-23, 2026-03-30, 2026-04-06, 2026-04-13",Netherlands,NL,Refund request,refund_request,cancellation_rate,Cancellation rate,0.0549,0.0404,0.014499999999999999,0.3589108910891089,worse,monitor,1.45,2.0,9.0,"Cancellation rate rose in Netherlands. Validate product availability, delivery promises, and country-level demand mix."
2026-04-20,"2026-03-23, 2026-03-30, 2026-04-06, 2026-04-13",Poland,PL,Cancellation,cancellation,contact_rate,Contact rate,0.0307,0.019525,0.011175000000000001,0.5723431498079385,worse,monitor,1.1175000000000002,2.0,17.0,"Likely cancellation intent increase. Validate against cancellation policy, supply issues, and order mix."
2026-04-20,"2026-03-23, 2026-03-30, 2026-04-06, 2026-04-13",Netherlands,NL,Late delivery,late_delivery,contact_rate,Contact rate,0.0434,0.0335,0.009899999999999999,0.29552238805970144,worse,monitor,0.9899999999999999,14.0,30.0,"Likely delivery reliability pressure. Validate against late-order rate, courier incidents, and warehouse capacity."
2026-04-20,"2026-03-23, 2026-03-30, 2026-04-06, 2026-04-13",Poland,PL,Late delivery,late_delivery,compensation_cost,Compensation cost,61.39,52.3225,9.067500000000003,0.17330020545654362,worse,monitor,0.9067500000000003,6.0,23.0,"Compensation exposure increased. Validate refund and voucher drivers, policy exceptions, and duplicate compensation controls."
2026-04-20,"2026-03-23, 2026-03-30, 2026-04-06, 2026-04-13",Poland,PL,Refund request,refund_request,contact_rate,Contact rate,0.0162,0.00985,0.00635,0.6446700507614214,worse,monitor,0.635,3.0,9.0,Likely demand or operational friction in this contact reason. Validate with reason-level ticket samples and upstream events.
2026-04-20,"2026-03-23, 2026-03-30, 2026-04-06, 2026-04-13",Netherlands,NL,Cancellation,cancellation,contact_rate,Contact rate,0.0202,0.0147,0.0055,0.37414965986394555,worse,monitor,0.5499999999999999,3.0,14.0,"Likely cancellation intent increase. Validate against cancellation policy, supply issues, and order mix."
2026-04-20,"2026-03-23, 2026-03-30, 2026-04-06, 2026-04-13",Netherlands,NL,Missing item,missing_item,contact_rate,Contact rate,0.0188,0.013649999999999999,0.005150000000000002,0.37728937728937745,worse,monitor,0.5150000000000001,3.0,13.0,Likely demand or operational friction in this contact reason. Validate with reason-level ticket samples and upstream events.
2026-04-20,"2026-03-23, 2026-03-30, 2026-04-06, 2026-04-13",Netherlands,NL,Payment issue,payment_issue,contact_rate,Contact rate,0.013,0.00795,0.005049999999999999,0.6352201257861634,worse,monitor,0.5049999999999999,3.0,9.0,Likely payment journey friction. Validate with payment failure logs and checkout release calendar.
2026-04-20,"2026-03-23, 2026-03-30, 2026-04-06, 2026-04-13",Germany,DE,Missing item,missing_item,backlog_end_of_week,Backlog,5.0,4.5,0.5,0.1111111111111111,worse,monitor,0.5,4.0,18.0,"Backlog pressure increased. Validate staffing coverage, unresolved queue age, and whether AHT or volume also rose."
2026-04-20,"2026-03-23, 2026-03-30, 2026-04-06, 2026-04-13",Austria,AT,Account issue,account_issue,contact_rate,Contact rate,0.0102,0.005775,0.004425000000000001,0.7662337662337665,worse,monitor,0.4425000000000001,1.0,4.0,Likely demand or operational friction in this contact reason. Validate with reason-level ticket samples and upstream events.
2026-04-20,"2026-03-23, 2026-03-30, 2026-04-06, 2026-04-13",United Kingdom,UK,Payment issue,payment_issue,contact_rate,Contact rate,0.0092,0.00485,0.00435,0.8969072164948453,worse,monitor,0.43499999999999994,2.0,8.0,Likely payment journey friction. Validate with payment failure logs and checkout release calendar.
2026-04-20,"2026-03-23, 2026-03-30, 2026-04-06, 2026-04-13",Austria,AT,Refund request,refund_request,contact_rate,Contact rate,0.0178,0.0135,0.0043,0.31851851851851853,worse,monitor,0.43,3.0,7.0,Likely demand or operational friction in this contact reason. Validate with reason-level ticket samples and upstream events.
2026-04-20,"2026-03-23, 2026-03-30, 2026-04-06, 2026-04-13",Germany,DE,Payment issue,payment_issue,contact_rate,Contact rate,0.008,0.0045000000000000005,0.0034999999999999996,0.7777777777777776,worse,monitor,0.35,4.0,8.0,Likely payment journey friction. Validate with payment failure logs and checkout release calendar.
2026-04-20,"2026-03-23, 2026-03-30, 2026-04-06, 2026-04-13",Austria,AT,Cancellation,cancellation,backlog_end_of_week,Backlog,4.0,3.75,0.25,0.06666666666666667,worse,monitor,0.25,3.0,9.0,"Backlog pressure increased. Validate staffing coverage, unresolved queue age, and whether AHT or volume also rose."
2026-04-20,"2026-03-23, 2026-03-30, 2026-04-06, 2026-04-13",Germany,DE,Payment issue,payment_issue,backlog_end_of_week,Backlog,2.0,1.75,0.25,0.14285714285714285,worse,monitor,0.25,4.0,8.0,"Backlog pressure increased. Validate staffing coverage, unresolved queue age, and whether AHT or volume also rose."
2026-04-20,"2026-03-23, 2026-03-30, 2026-04-06, 2026-04-13",Netherlands,NL,Payment issue,payment_issue,backlog_end_of_week,Backlog,2.0,1.75,0.25,0.14285714285714285,worse,monitor,0.25,3.0,9.0,"Backlog pressure increased. Validate staffing coverage, unresolved queue age, and whether AHT or volume also rose."
2026-04-20,"2026-03-23, 2026-03-30, 2026-04-06, 2026-04-13",Austria,AT,Cancellation,cancellation,contact_rate,Contact rate,0.0229,0.020999999999999998,0.0019000000000000024,0.0904761904761906,worse,monitor,0.19000000000000022,3.0,9.0,"Likely cancellation intent increase. Validate against cancellation policy, supply issues, and order mix."
2026-04-20,"2026-03-23, 2026-03-30, 2026-04-06, 2026-04-13",United Kingdom,UK,Account issue,account_issue,contact_rate,Contact rate,0.0092,0.007325,0.001875,0.25597269624573377,worse,monitor,0.1875,0,8.0,Likely demand or operational friction in this contact reason. Validate with reason-level ticket samples and upstream events.
2026-04-20,"2026-03-23, 2026-03-30, 2026-04-06, 2026-04-13",Austria,AT,Late delivery,late_delivery,avg_csat,CSAT,3.86,3.8675,-0.007500000000000284,-0.0019392372333549538,worse,monitor,0.15000000000000568,7.0,13.0,"Customer sentiment weakened. Validate response count, complaint themes, and whether FCR or AHT also deteriorated."
2026-04-20,"2026-03-23, 2026-03-30, 2026-04-06, 2026-04-13",Germany,DE,Refund request,refund_request,compensation_cost,Compensation cost,54.61,53.18,1.4299999999999997,0.026889808198570887,worse,monitor,0.14299999999999996,6.0,8.0,"Compensation exposure increased. Validate refund and voucher drivers, policy exceptions, and duplicate compensation controls."
2026-04-20,"2026-03-23, 2026-03-30, 2026-04-06, 2026-04-13",Poland,PL,Account issue,account_issue,contact_rate,Contact rate,0.0108,0.00945,0.0013500000000000005,0.1428571428571429,worse,monitor,0.13500000000000006,1.0,6.0,Likely demand or operational friction in this contact reason. Validate with reason-level ticket samples and upstream events.
2026-04-20,"2026-03-23, 2026-03-30, 2026-04-06, 2026-04-13",Germany,DE,Missing item,missing_item,contact_rate,Contact rate,0.018,0.017375,0.0006249999999999971,0.035971223021582566,worse,monitor,0.06249999999999971,4.0,18.0,Likely demand or operational friction in this contact reason. Validate with reason-level ticket samples and upstream events.
2026-04-20,"2026-03-23, 2026-03-30, 2026-04-06, 2026-04-13",United Kingdom,UK,Refund request,refund_request,contact_rate,Contact rate,0.0138,0.013225,0.0005749999999999991,0.04347826086956515,worse,monitor,0.05749999999999991,3.0,12.0,Likely demand or operational friction in this contact reason. Validate with reason-level ticket samples and upstream events.
2026-04-20,"2026-03-23, 2026-03-30, 2026-04-06, 2026-04-13",Germany,DE,Cancellation,cancellation,contact_rate,Contact rate,0.019,0.01845,0.0005499999999999984,0.029810298102980942,worse,monitor,0.05499999999999984,12.0,19.0,"Likely cancellation intent increase. Validate against cancellation policy, supply issues, and order mix."
2026-04-20,"2026-03-23, 2026-03-30, 2026-04-06, 2026-04-13",United Kingdom,UK,Cancellation,cancellation,contact_rate,Contact rate,0.0184,0.018075,0.0003249999999999989,0.01798063623789759,worse,monitor,0.03249999999999989,4.0,16.0,"Likely cancellation intent increase. Validate against cancellation policy, supply issues, and order mix."
2026-04-20,"2026-03-23, 2026-03-30, 2026-04-06, 2026-04-13",Germany,DE,Late delivery,late_delivery,avg_aht_minutes,AHT,8.02,10.094999999999999,-2.0749999999999993,-0.20554730064388307,better,high,20.94712499999999,5.0,41.0,"Improvement signal. Validate whether it is operationally real, mix-driven, or affected by low sample size."
2026-04-20,"2026-03-23, 2026-03-30, 2026-04-06, 2026-04-13",Netherlands,NL,Refund request,refund_request,compensation_cost,Compensation cost,74.56,282.52,-207.95999999999998,-0.7360894803907688,better,high,20.796,2.0,9.0,"Improvement signal. Validate whether it is operationally real, mix-driven, or affected by low sample size."
2026-04-20,"2026-03-23, 2026-03-30, 2026-04-06, 2026-04-13",Poland,PL,Missing item,missing_item,avg_csat,CSAT,5.0,4.0625,0.9375,0.23076923076923078,better,high,18.75,2.0,7.0,"Improvement signal. Validate whether it is operationally real, mix-driven, or affected by low sample size."
2026-04-20,"2026-03-23, 2026-03-30, 2026-04-06, 2026-04-13",Netherlands,NL,Cancellation,cancellation,avg_csat,CSAT,4.67,3.7925,0.8775,0.23137771918259722,better,high,17.549999999999997,3.0,14.0,"Improvement signal. Validate whether it is operationally real, mix-driven, or affected by low sample size."
2026-04-20,"2026-03-23, 2026-03-30, 2026-04-06, 2026-04-13",Poland,PL,Payment issue,payment_issue,avg_csat,CSAT,4.5,3.6666666666666665,0.8333333333333335,0.22727272727272732,better,high,16.66666666666667,2.0,4.0,"Improvement signal. Validate whether it is operationally real, mix-driven, or affected by low sample size."
2026-04-20,"2026-03-23, 2026-03-30, 2026-04-06, 2026-04-13",Germany,DE,Late delivery,late_delivery,backlog_end_of_week,Backlog,10.0,26.5,-16.5,-0.6226415094339622,better,high,16.5,5.0,41.0,"Improvement signal. Validate whether it is operationally real, mix-driven, or affected by low sample size."
2026-04-20,"2026-03-23, 2026-03-30, 2026-04-06, 2026-04-13",Poland,PL,Missing item,missing_item,avg_aht_minutes,AHT,5.29,7.245,-1.955,-0.2698412698412698,better,high,14.163975,2.0,7.0,"Improvement signal. Validate whether it is operationally real, mix-driven, or affected by low sample size."
2026-04-20,"2026-03-23, 2026-03-30, 2026-04-06, 2026-04-13",Netherlands,NL,Payment issue,payment_issue,fcr_rate,FCR,1.0,0.875,0.125,0.14285714285714285,better,high,12.5,3.0,9.0,"Improvement signal. Validate whether it is operationally real, mix-driven, or affected by low sample size."
2026-04-20,"2026-03-23, 2026-03-30, 2026-04-06, 2026-04-13",Poland,PL,Refund request,refund_request,fcr_rate,FCR,1.0,0.875,0.125,0.14285714285714285,better,high,12.5,3.0,9.0,"Improvement signal. Validate whether it is operationally real, mix-driven, or affected by low sample size."
2026-04-20,"2026-03-23, 2026-03-30, 2026-04-06, 2026-04-13",Netherlands,NL,Refund request,refund_request,avg_csat,CSAT,4.5,3.9575,0.5425,0.13708149084017687,better,high,10.85,2.0,9.0,"Improvement signal. Validate whether it is operationally real, mix-driven, or affected by low sample size."
2026-04-20,"2026-03-23, 2026-03-30, 2026-04-06, 2026-04-13",Germany,DE,Payment issue,payment_issue,avg_csat,CSAT,4.5,4.0,0.5,0.125,better,high,10.0,4.0,8.0,"Improvement signal. Validate whether it is operationally real, mix-driven, or affected by low sample size."
2026-04-20,"2026-03-23, 2026-03-30, 2026-04-06, 2026-04-13",Poland,PL,Payment issue,payment_issue,fcr_rate,FCR,1.0,0.90435,0.09565000000000001,0.105766572676508,better,high,9.565000000000001,2.0,4.0,"Improvement signal. Validate whether it is operationally real, mix-driven, or affected by low sample size."
2026-04-20,"2026-03-23, 2026-03-30, 2026-04-06, 2026-04-13",Poland,PL,Late delivery,late_delivery,avg_csat,CSAT,4.17,3.695,0.4750000000000001,0.12855209742895807,better,high,9.500000000000002,6.0,23.0,"Improvement signal. Validate whether it is operationally real, mix-driven, or affected by low sample size."
2026-04-20,"2026-03-23, 2026-03-30, 2026-04-06, 2026-04-13",Netherlands,NL,Late delivery,late_delivery,contact_volume,Contact volume,30.0,21.0,9.0,0.42857142857142855,up,high,9.0,14.0,30.0,"Likely delivery reliability pressure. Validate against late-order rate, courier incidents, and warehouse capacity."
2026-04-20,"2026-03-23, 2026-03-30, 2026-04-06, 2026-04-13",Poland,PL,Missing item,missing_item,fcr_rate,FCR,1.0,0.916675,0.08332499999999998,0.09089917364387594,better,high,8.332499999999998,2.0,7.0,"Improvement signal. Validate whether it is operationally real, mix-driven, or affected by low sample size."
2026-04-20,"2026-03-23, 2026-03-30, 2026-04-06, 2026-04-13",Netherlands,NL,Refund request,refund_request,contact_volume,Contact volume,9.0,16.75,-7.75,-0.4626865671641791,down,high,7.75,2.0,9.0,Monitor signal. Validate sample size and compare with adjacent weeks before escalating.
2026-04-20,"2026-03-23, 2026-03-30, 2026-04-06, 2026-04-13",Germany,DE,Refund request,refund_request,avg_csat,CSAT,4.33,3.9433333333333334,0.3866666666666667,0.09805579036348268,better,high,7.733333333333334,6.0,8.0,"Improvement signal. Validate whether it is operationally real, mix-driven, or affected by low sample size."
2026-04-20,"2026-03-23, 2026-03-30, 2026-04-06, 2026-04-13",Poland,PL,Cancellation,cancellation,contact_volume,Contact volume,17.0,10.5,6.5,0.6190476190476191,up,high,6.5,2.0,17.0,"Likely cancellation intent increase. Validate against cancellation policy, supply issues, and order mix."
2026-04-20,"2026-03-23, 2026-03-30, 2026-04-06, 2026-04-13",Austria,AT,Payment issue,payment_issue,fcr_rate,FCR,1.0,0.9375,0.0625,0.06666666666666667,better,high,6.25,3.0,3.0,"Improvement signal. Validate whether it is operationally real, mix-driven, or affected by low sample size."
2026-04-20,"2026-03-23, 2026-03-30, 2026-04-06, 2026-04-13",United Kingdom,UK,Payment issue,payment_issue,fcr_rate,FCR,1.0,0.9375,0.0625,0.06666666666666667,better,high,6.25,2.0,8.0,"Improvement signal. Validate whether it is operationally real, mix-driven, or affected by low sample size."
2026-04-20,"2026-03-23, 2026-03-30, 2026-04-06, 2026-04-13",United Kingdom,UK,Missing item,missing_item,fcr_rate,FCR,1.0,0.947225,0.052775000000000016,0.05571537913378555,better,high,5.277500000000002,4.0,7.0,"Improvement signal. Validate whether it is operationally real, mix-driven, or affected by low sample size."
2026-04-20,"2026-03-23, 2026-03-30, 2026-04-06, 2026-04-13",United Kingdom,UK,Late delivery,late_delivery,compensation_cost,Compensation cost,71.71,121.515,-49.80500000000001,-0.40986709459737486,better,high,4.980500000000001,8.0,21.0,"Improvement signal. Validate whether it is operationally real, mix-driven, or affected by low sample size."
2026-04-20,"2026-03-23, 2026-03-30, 2026-04-06, 2026-04-13",Germany,DE,Account issue,account_issue,contact_volume,Contact volume,3.0,7.75,-4.75,-0.6129032258064516,down,high,4.75,0,3.0,Monitor signal. Validate sample size and compare with adjacent weeks before escalating.
2026-04-20,"2026-03-23, 2026-03-30, 2026-04-06, 2026-04-13",Netherlands,NL,Cancellation,cancellation,contact_volume,Contact volume,14.0,9.25,4.75,0.5135135135135135,up,high,4.75,3.0,14.0,"Likely cancellation intent increase. Validate against cancellation policy, supply issues, and order mix."
2026-04-20,"2026-03-23, 2026-03-30, 2026-04-06, 2026-04-13",Netherlands,NL,Missing item,missing_item,contact_volume,Contact volume,13.0,8.5,4.5,0.5294117647058824,up,high,4.5,3.0,13.0,Likely demand or operational friction in this contact reason. Validate with reason-level ticket samples and upstream events.
2026-04-20,"2026-03-23, 2026-03-30, 2026-04-06, 2026-04-13",Netherlands,NL,Payment issue,payment_issue,contact_volume,Contact volume,9.0,5.0,4.0,0.8,up,high,4.0,3.0,9.0,Likely payment journey friction. Validate with payment failure logs and checkout release calendar.
2026-04-20,"2026-03-23, 2026-03-30, 2026-04-06, 2026-04-13",United Kingdom,UK,Payment issue,payment_issue,contact_volume,Contact volume,8.0,4.0,4.0,1.0,up,high,4.0,2.0,8.0,Likely payment journey friction. Validate with payment failure logs and checkout release calendar.
2026-04-20,"2026-03-23, 2026-03-30, 2026-04-06, 2026-04-13",Poland,PL,Refund request,refund_request,contact_volume,Contact volume,9.0,5.25,3.75,0.7142857142857143,up,high,3.75,3.0,9.0,Likely demand or operational friction in this contact reason. Validate with reason-level ticket samples and upstream events.
2026-04-20,"2026-03-23, 2026-03-30, 2026-04-06, 2026-04-13",Germany,DE,Payment issue,payment_issue,contact_volume,Contact volume,8.0,4.5,3.5,0.7777777777777778,up,high,3.5,4.0,8.0,Likely payment journey friction. Validate with payment failure logs and checkout release calendar.
2026-04-20,"2026-03-23, 2026-03-30, 2026-04-06, 2026-04-13",Netherlands,NL,Account issue,account_issue,contact_volume,Contact volume,3.0,6.5,-3.5,-0.5384615384615384,down,high,3.5,0,3.0,Monitor signal. Validate sample size and compare with adjacent weeks before escalating.
2026-04-20,"2026-03-23, 2026-03-30, 2026-04-06, 2026-04-13",Poland,PL,Payment issue,payment_issue,contact_volume,Contact volume,4.0,7.25,-3.25,-0.4482758620689655,down,high,3.25,2.0,4.0,Monitor signal. Validate sample size and compare with adjacent weeks before escalating.
2026-04-20,"2026-03-23, 2026-03-30, 2026-04-06, 2026-04-13",Germany,DE,Missing item,missing_item,compensation_cost,Compensation cost,26.28,58.6875,-32.4075,-0.5522044728434504,better,high,3.24075,4.0,18.0,"Improvement signal. Validate whether it is operationally real, mix-driven, or affected by low sample size."
2026-04-20,"2026-03-23, 2026-03-30, 2026-04-06, 2026-04-13",Austria,AT,Missing item,missing_item,compensation_cost,Compensation cost,0.0,30.6475,-30.6475,-1.0,better,high,3.06475,1.0,5.0,"Improvement signal. Validate whether it is operationally real, mix-driven, or affected by low sample size."
2026-04-20,"2026-03-23, 2026-03-30, 2026-04-06, 2026-04-13",United Kingdom,UK,Missing item,missing_item,compensation_cost,Compensation cost,13.0,32.305,-19.305,-0.5975855130784709,better,high,1.9304999999999999,4.0,7.0,"Improvement signal. Validate whether it is operationally real, mix-driven, or affected by low sample size."
2026-04-20,"2026-03-23, 2026-03-30, 2026-04-06, 2026-04-13",Austria,AT,Account issue,account_issue,contact_volume,Contact volume,4.0,2.25,1.75,0.7777777777777778,up,high,1.75,1.0,4.0,Likely demand or operational friction in this contact reason. Validate with reason-level ticket samples and upstream events.
2026-04-20,"2026-03-23, 2026-03-30, 2026-04-06, 2026-04-13",Austria,AT,Payment issue,payment_issue,backlog_end_of_week,Backlog,0.0,1.75,-1.75,-1.0,better,high,1.75,3.0,3.0,"Improvement signal. Validate whether it is operationally real, mix-driven, or affected by low sample size."
2026-04-20,"2026-03-23, 2026-03-30, 2026-04-06, 2026-04-13",Netherlands,NL,Account issue,account_issue,backlog_end_of_week,Backlog,1.0,2.75,-1.75,-0.6363636363636364,better,high,1.75,0,3.0,"Improvement signal. Validate whether it is operationally real, mix-driven, or affected by low sample size."
2026-04-20,"2026-03-23, 2026-03-30, 2026-04-06, 2026-04-13",Austria,AT,Missing item,missing_item,backlog_end_of_week,Backlog,1.0,2.5,-1.5,-0.6,better,high,1.5,1.0,5.0,"Improvement signal. Validate whether it is operationally real, mix-driven, or affected by low sample size."
2026-04-20,"2026-03-23, 2026-03-30, 2026-04-06, 2026-04-13",Poland,PL,Missing item,missing_item,compensation_cost,Compensation cost,9.85,24.0025,-14.152500000000002,-0.5896260806166025,better,high,1.4152500000000001,2.0,7.0,"Improvement signal. Validate whether it is operationally real, mix-driven, or affected by low sample size."
2026-04-20,"2026-03-23, 2026-03-30, 2026-04-06, 2026-04-13",United Kingdom,UK,Payment issue,payment_issue,avg_aht_minutes,AHT,8.62,10.105,-1.4850000000000012,-0.14695695200395856,better,medium,15.005925000000014,2.0,8.0,"Improvement signal. Validate whether it is operationally real, mix-driven, or affected by low sample size."
2026-04-20,"2026-03-23, 2026-03-30, 2026-04-06, 2026-04-13",Netherlands,NL,Payment issue,payment_issue,avg_aht_minutes,AHT,8.81,10.055,-1.2449999999999992,-0.12381899552461455,better,medium,12.518474999999992,3.0,9.0,"Improvement signal. Validate whether it is operationally real, mix-driven, or affected by low sample size."
2026-04-20,"2026-03-23, 2026-03-30, 2026-04-06, 2026-04-13",Germany,DE,Late delivery,late_delivery,contact_volume,Contact volume,41.0,53.0,-12.0,-0.22641509433962265,down,medium,12.0,5.0,41.0,Monitor signal. Validate sample size and compare with adjacent weeks before escalating.
2026-04-20,"2026-03-23, 2026-03-30, 2026-04-06, 2026-04-13",Netherlands,NL,Refund request,refund_request,avg_aht_minutes,AHT,8.86,10.01,-1.1500000000000004,-0.11488511488511492,better,medium,11.511500000000003,2.0,9.0,"Improvement signal. Validate whether it is operationally real, mix-driven, or affected by low sample size."
2026-04-20,"2026-03-23, 2026-03-30, 2026-04-06, 2026-04-13",United Kingdom,UK,Late delivery,late_delivery,contact_volume,Contact volume,21.0,30.75,-9.75,-0.3170731707317073,down,medium,9.75,8.0,21.0,Monitor signal. Validate sample size and compare with adjacent weeks before escalating.
2026-04-20,"2026-03-23, 2026-03-30, 2026-04-06, 2026-04-13",Austria,AT,Late delivery,late_delivery,avg_aht_minutes,AHT,6.81,7.8774999999999995,-1.0675,-0.13551253570295144,better,medium,8.40923125,7.0,13.0,"Improvement signal. Validate whether it is operationally real, mix-driven, or affected by low sample size."
2026-04-20,"2026-03-23, 2026-03-30, 2026-04-06, 2026-04-13",Poland,PL,Account issue,account_issue,avg_aht_minutes,AHT,7.71,8.5925,-0.8824999999999994,-0.10270584812336334,better,medium,7.5828812499999945,1.0,6.0,"Improvement signal. Validate whether it is operationally real, mix-driven, or affected by low sample size."
2026-04-20,"2026-03-23, 2026-03-30, 2026-04-06, 2026-04-13",Netherlands,NL,Account issue,account_issue,avg_aht_minutes,AHT,8.2,9.004999999999999,-0.8049999999999997,-0.08939478067740142,better,medium,7.249024999999997,0,3.0,"Improvement signal. Validate whether it is operationally real, mix-driven, or affected by low sample size."
2026-04-20,"2026-03-23, 2026-03-30, 2026-04-06, 2026-04-13",Austria,AT,Cancellation,cancellation,avg_aht_minutes,AHT,5.57,6.4925,-0.9224999999999994,-0.14208702348864066,better,medium,5.989331249999996,3.0,9.0,"Improvement signal. Validate whether it is operationally real, mix-driven, or affected by low sample size."
2026-04-20,"2026-03-23, 2026-03-30, 2026-04-06, 2026-04-13",Netherlands,NL,Missing item,missing_item,avg_csat,CSAT,4.33,4.0425,0.28749999999999964,0.07111935683364246,better,medium,5.749999999999993,3.0,13.0,"Improvement signal. Validate whether it is operationally real, mix-driven, or affected by low sample size."
2026-04-20,"2026-03-23, 2026-03-30, 2026-04-06, 2026-04-13",Austria,AT,Cancellation,cancellation,avg_csat,CSAT,4.33,4.05,0.28000000000000025,0.06913580246913587,better,medium,5.600000000000005,3.0,9.0,"Improvement signal. Validate whether it is operationally real, mix-driven, or affected by low sample size."
2026-04-20,"2026-03-23, 2026-03-30, 2026-04-06, 2026-04-13",Netherlands,NL,Late delivery,late_delivery,avg_csat,CSAT,4.36,4.12,0.2400000000000002,0.05825242718446607,better,medium,4.800000000000004,14.0,30.0,"Improvement signal. Validate whether it is operationally real, mix-driven, or affected by low sample size."
2026-04-20,"2026-03-23, 2026-03-30, 2026-04-06, 2026-04-13",Germany,DE,Account issue,account_issue,fcr_rate,FCR,1.0,0.964275,0.03572500000000001,0.03704855979881259,better,medium,3.5725000000000007,0,3.0,"Improvement signal. Validate whether it is operationally real, mix-driven, or affected by low sample size."
2026-04-20,"2026-03-23, 2026-03-30, 2026-04-06, 2026-04-13",United Kingdom,UK,Missing item,missing_item,contact_volume,Contact volume,7.0,10.0,-3.0,-0.3,down,medium,3.0,4.0,7.0,Monitor signal. Validate sample size and compare with adjacent weeks before escalating.
2026-04-20,"2026-03-23, 2026-03-30, 2026-04-06, 2026-04-13",United Kingdom,UK,Late delivery,late_delivery,fcr_rate,FCR,0.9444,0.917975,0.026425000000000032,0.0287861869876631,better,medium,2.642500000000003,8.0,21.0,"Improvement signal. Validate whether it is operationally real, mix-driven, or affected by low sample size."
2026-04-20,"2026-03-23, 2026-03-30, 2026-04-06, 2026-04-13",Poland,PL,Account issue,account_issue,fcr_rate,FCR,1.0,0.975,0.025000000000000022,0.025641025641025664,better,medium,2.500000000000002,1.0,6.0,"Improvement signal. Validate whether it is operationally real, mix-driven, or affected by low sample size."
2026-04-20,"2026-03-23, 2026-03-30, 2026-04-06, 2026-04-13",United Kingdom,UK,Late delivery,late_delivery,backlog_end_of_week,Backlog,8.0,10.5,-2.5,-0.23809523809523808,better,medium,2.5,8.0,21.0,"Improvement signal. Validate whether it is operationally real, mix-driven, or affected by low sample size."
2026-04-20,"2026-03-23, 2026-03-30, 2026-04-06, 2026-04-13",Netherlands,NL,Cancellation,cancellation,fcr_rate,FCR,1.0,0.979175,0.020824999999999982,0.021267904102943786,better,medium,2.0824999999999982,3.0,14.0,"Improvement signal. Validate whether it is operationally real, mix-driven, or affected by low sample size."
2026-04-20,"2026-03-23, 2026-03-30, 2026-04-06, 2026-04-13",Poland,PL,Late delivery,late_delivery,backlog_end_of_week,Backlog,6.0,8.0,-2.0,-0.25,better,medium,2.0,6.0,23.0,"Improvement signal. Validate whether it is operationally real, mix-driven, or affected by low sample size."
2026-04-20,"2026-03-23, 2026-03-30, 2026-04-06, 2026-04-13",United Kingdom,UK,Account issue,account_issue,contact_volume,Contact volume,8.0,6.0,2.0,0.3333333333333333,up,medium,2.0,0,8.0,Likely demand or operational friction in this contact reason. Validate with reason-level ticket samples and upstream events.
2026-04-20,"2026-03-23, 2026-03-30, 2026-04-06, 2026-04-13",United Kingdom,UK,Refund request,refund_request,compensation_cost,Compensation cost,61.5,80.33500000000001,-18.835000000000008,-0.23445571668637588,better,medium,1.8835000000000008,3.0,12.0,"Improvement signal. Validate whether it is operationally real, mix-driven, or affected by low sample size."
2026-04-20,"2026-03-23, 2026-03-30, 2026-04-06, 2026-04-13",Austria,AT,Refund request,refund_request,contact_volume,Contact volume,7.0,5.25,1.75,0.3333333333333333,up,medium,1.75,3.0,7.0,Likely demand or operational friction in this contact reason. Validate with reason-level ticket samples and upstream events.
2026-04-20,"2026-03-23, 2026-03-30, 2026-04-06, 2026-04-13",Austria,AT,Payment issue,payment_issue,contact_volume,Contact volume,3.0,4.0,-1.0,-0.25,down,medium,1.0,3.0,3.0,Monitor signal. Validate sample size and compare with adjacent weeks before escalating.
2026-04-20,"2026-03-23, 2026-03-30, 2026-04-06, 2026-04-13",Netherlands,NL,Refund request,refund_request,backlog_end_of_week,Backlog,4.0,5.0,-1.0,-0.2,better,medium,1.0,2.0,9.0,"Improvement signal. Validate whether it is operationally real, mix-driven, or affected by low sample size."
2026-04-20,"2026-03-23, 2026-03-30, 2026-04-06, 2026-04-13",Poland,PL,Account issue,account_issue,contact_volume,Contact volume,6.0,5.0,1.0,0.2,up,medium,1.0,1.0,6.0,Likely demand or operational friction in this contact reason. Validate with reason-level ticket samples and upstream events.
2026-04-20,"2026-03-23, 2026-03-30, 2026-04-06, 2026-04-13",United Kingdom,UK,Refund request,refund_request,backlog_end_of_week,Backlog,4.0,5.0,-1.0,-0.2,better,medium,1.0,3.0,12.0,"Improvement signal. Validate whether it is operationally real, mix-driven, or affected by low sample size."
2026-04-20,"2026-03-23, 2026-03-30, 2026-04-06, 2026-04-13",United Kingdom,UK,Account issue,account_issue,backlog_end_of_week,Backlog,2.0,2.75,-0.75,-0.2727272727272727,better,medium,0.75,0,8.0,"Improvement signal. Validate whether it is operationally real, mix-driven, or affected by low sample size."
2026-04-20,"2026-03-23, 2026-03-30, 2026-04-06, 2026-04-13",Poland,PL,Payment issue,payment_issue,backlog_end_of_week,Backlog,2.0,2.5,-0.5,-0.2,better,medium,0.5,2.0,4.0,"Improvement signal. Validate whether it is operationally real, mix-driven, or affected by low sample size."
2026-04-20,"2026-03-23, 2026-03-30, 2026-04-06, 2026-04-13",United Kingdom,UK,Late delivery,late_delivery,avg_aht_minutes,AHT,7.01,7.71,-0.7000000000000002,-0.09079118028534373,better,monitor,5.397000000000001,8.0,21.0,"Improvement signal. Validate whether it is operationally real, mix-driven, or affected by low sample size."
2026-04-20,"2026-03-23, 2026-03-30, 2026-04-06, 2026-04-13",Austria,AT,Account issue,account_issue,avg_aht_minutes,AHT,8.63,9.0475,-0.41749999999999865,-0.046145344017684296,better,monitor,3.7773312499999876,1.0,4.0,"Improvement signal. Validate whether it is operationally real, mix-driven, or affected by low sample size."
2026-04-20,"2026-03-23, 2026-03-30, 2026-04-06, 2026-04-13",Poland,PL,Refund request,refund_request,avg_csat,CSAT,4.33,4.165,0.16500000000000004,0.039615846338535425,better,monitor,3.3000000000000007,3.0,9.0,"Improvement signal. Validate whether it is operationally real, mix-driven, or affected by low sample size."
2026-04-20,"2026-03-23, 2026-03-30, 2026-04-06, 2026-04-13",Poland,PL,Payment issue,payment_issue,avg_aht_minutes,AHT,10.63,10.8975,-0.26750000000000007,-0.024546914429915124,better,monitor,2.915081250000001,2.0,4.0,"Improvement signal. Validate whether it is operationally real, mix-driven, or affected by low sample size."
2026-04-20,"2026-03-23, 2026-03-30, 2026-04-06, 2026-04-13",Germany,DE,Late delivery,late_delivery,avg_csat,CSAT,3.8,3.655,0.14500000000000002,0.039671682626538994,better,monitor,2.9000000000000004,5.0,41.0,"Improvement signal. Validate whether it is operationally real, mix-driven, or affected by low sample size."
2026-04-20,"2026-03-23, 2026-03-30, 2026-04-06, 2026-04-13",United Kingdom,UK,Late delivery,late_delivery,avg_csat,CSAT,4.0,3.855,0.14500000000000002,0.037613488975356685,better,monitor,2.9000000000000004,8.0,21.0,"Improvement signal. Validate whether it is operationally real, mix-driven, or affected by low sample size."
2026-04-20,"2026-03-23, 2026-03-30, 2026-04-06, 2026-04-13",Austria,AT,Late delivery,late_delivery,contact_volume,Contact volume,13.0,14.75,-1.75,-0.11864406779661017,down,monitor,1.75,7.0,13.0,Monitor signal. Validate sample size and compare with adjacent weeks before escalating.
2026-04-20,"2026-03-23, 2026-03-30, 2026-04-06, 2026-04-13",Poland,PL,Cancellation,cancellation,avg_aht_minutes,AHT,5.51,5.775,-0.26500000000000057,-0.045887445887445984,better,monitor,1.5303750000000034,2.0,17.0,"Improvement signal. Validate whether it is operationally real, mix-driven, or affected by low sample size."
2026-04-20,"2026-03-23, 2026-03-30, 2026-04-06, 2026-04-13",Austria,AT,Account issue,account_issue,cancellation_rate,Cancellation rate,0.0382,0.051824999999999996,-0.013624999999999998,-0.2629040038591413,better,monitor,1.3624999999999998,1.0,4.0,"Improvement signal. Validate whether it is operationally real, mix-driven, or affected by low sample size."
2026-04-20,"2026-03-23, 2026-03-30, 2026-04-06, 2026-04-13",Austria,AT,Cancellation,cancellation,cancellation_rate,Cancellation rate,0.0382,0.051824999999999996,-0.013624999999999998,-0.2629040038591413,better,monitor,1.3624999999999998,3.0,9.0,"Improvement signal. Validate whether it is operationally real, mix-driven, or affected by low sample size."
2026-04-20,"2026-03-23, 2026-03-30, 2026-04-06, 2026-04-13",Austria,AT,Late delivery,late_delivery,cancellation_rate,Cancellation rate,0.0382,0.051824999999999996,-0.013624999999999998,-0.2629040038591413,better,monitor,1.3624999999999998,7.0,13.0,"Improvement signal. Validate whether it is operationally real, mix-driven, or affected by low sample size."
2026-04-20,"2026-03-23, 2026-03-30, 2026-04-06, 2026-04-13",Austria,AT,Missing item,missing_item,cancellation_rate,Cancellation rate,0.0382,0.051824999999999996,-0.013624999999999998,-0.2629040038591413,better,monitor,1.3624999999999998,1.0,5.0,"Improvement signal. Validate whether it is operationally real, mix-driven, or affected by low sample size."
2026-04-20,"2026-03-23, 2026-03-30, 2026-04-06, 2026-04-13",Austria,AT,Payment issue,payment_issue,cancellation_rate,Cancellation rate,0.0382,0.051824999999999996,-0.013624999999999998,-0.2629040038591413,better,monitor,1.3624999999999998,3.0,3.0,"Improvement signal. Validate whether it is operationally real, mix-driven, or affected by low sample size."
2026-04-20,"2026-03-23, 2026-03-30, 2026-04-06, 2026-04-13",Austria,AT,Refund request,refund_request,cancellation_rate,Cancellation rate,0.0382,0.051824999999999996,-0.013624999999999998,-0.2629040038591413,better,monitor,1.3624999999999998,3.0,7.0,"Improvement signal. Validate whether it is operationally real, mix-driven, or affected by low sample size."
2026-04-20,"2026-03-23, 2026-03-30, 2026-04-06, 2026-04-13",Netherlands,NL,Refund request,refund_request,contact_rate,Contact rate,0.013,0.026525,-0.013525,-0.5098963242224317,better,monitor,1.3525,2.0,9.0,"Improvement signal. Validate whether it is operationally real, mix-driven, or affected by low sample size."
2026-04-20,"2026-03-23, 2026-03-30, 2026-04-06, 2026-04-13",United Kingdom,UK,Late delivery,late_delivery,contact_rate,Contact rate,0.0242,0.03725,-0.013049999999999999,-0.35033557046979863,better,monitor,1.305,8.0,21.0,"Improvement signal. Validate whether it is operationally real, mix-driven, or affected by low sample size."
2026-04-20,"2026-03-23, 2026-03-30, 2026-04-06, 2026-04-13",Germany,DE,Late delivery,late_delivery,contact_rate,Contact rate,0.041,0.05275,-0.011749999999999997,-0.22274881516587672,better,monitor,1.1749999999999996,5.0,41.0,"Improvement signal. Validate whether it is operationally real, mix-driven, or affected by low sample size."
2026-04-20,"2026-03-23, 2026-03-30, 2026-04-06, 2026-04-13",Germany,DE,Cancellation,cancellation,avg_aht_minutes,AHT,5.42,5.6025,-0.1825000000000001,-0.03257474341811693,better,monitor,1.0224562500000005,12.0,19.0,"Improvement signal. Validate whether it is operationally real, mix-driven, or affected by low sample size."
2026-04-20,"2026-03-23, 2026-03-30, 2026-04-06, 2026-04-13",United Kingdom,UK,Cancellation,cancellation,contact_volume,Contact volume,16.0,15.0,1.0,0.06666666666666667,up,monitor,1.0,4.0,16.0,"Likely cancellation intent increase. Validate against cancellation policy, supply issues, and order mix."
2026-04-20,"2026-03-23, 2026-03-30, 2026-04-06, 2026-04-13",United Kingdom,UK,Refund request,refund_request,contact_volume,Contact volume,12.0,11.0,1.0,0.09090909090909091,up,monitor,1.0,3.0,12.0,Likely demand or operational friction in this contact reason. Validate with reason-level ticket samples and upstream events.
2026-04-20,"2026-03-23, 2026-03-30, 2026-04-06, 2026-04-13",Germany,DE,Missing item,missing_item,avg_csat,CSAT,4.25,4.2075,0.042500000000000426,0.010101010101010204,better,monitor,0.8500000000000085,4.0,18.0,"Improvement signal. Validate whether it is operationally real, mix-driven, or affected by low sample size."
2026-04-20,"2026-03-23, 2026-03-30, 2026-04-06, 2026-04-13",Austria,AT,Cancellation,cancellation,contact_volume,Contact volume,9.0,8.25,0.75,0.09090909090909091,up,monitor,0.75,3.0,9.0,"Likely cancellation intent increase. Validate against cancellation policy, supply issues, and order mix."
2026-04-20,"2026-03-23, 2026-03-30, 2026-04-06, 2026-04-13",Austria,AT,Late delivery,late_delivery,backlog_end_of_week,Backlog,4.0,4.75,-0.75,-0.15789473684210525,better,monitor,0.75,7.0,13.0,"Improvement signal. Validate whether it is operationally real, mix-driven, or affected by low sample size."
2026-04-20,"2026-03-23, 2026-03-30, 2026-04-06, 2026-04-13",Poland,PL,Late delivery,late_delivery,contact_volume,Contact volume,23.0,22.25,0.75,0.033707865168539325,up,monitor,0.75,6.0,23.0,"Likely delivery reliability pressure. Validate against late-order rate, courier incidents, and warehouse capacity."
2026-04-20,"2026-03-23, 2026-03-30, 2026-04-06, 2026-04-13",Netherlands,NL,Missing item,missing_item,fcr_rate,FCR,0.9231,0.916675,0.006425000000000014,0.007009027190661918,better,monitor,0.6425000000000014,3.0,13.0,"Improvement signal. Validate whether it is operationally real, mix-driven, or affected by low sample size."
2026-04-20,"2026-03-23, 2026-03-30, 2026-04-06, 2026-04-13",Poland,PL,Payment issue,payment_issue,contact_rate,Contact rate,0.0072,0.0135,-0.0063,-0.4666666666666667,better,monitor,0.63,2.0,4.0,"Improvement signal. Validate whether it is operationally real, mix-driven, or affected by low sample size."
2026-04-20,"2026-03-23, 2026-03-30, 2026-04-06, 2026-04-13",Netherlands,NL,Account issue,account_issue,contact_rate,Contact rate,0.0043,0.010325,-0.006025000000000001,-0.5835351089588378,better,monitor,0.6025,0,3.0,"Improvement signal. Validate whether it is operationally real, mix-driven, or affected by low sample size."
2026-04-20,"2026-03-23, 2026-03-30, 2026-04-06, 2026-04-13",Austria,AT,Missing item,missing_item,contact_volume,Contact volume,5.0,5.5,-0.5,-0.09090909090909091,down,monitor,0.5,1.0,5.0,Monitor signal. Validate sample size and compare with adjacent weeks before escalating.
2026-04-20,"2026-03-23, 2026-03-30, 2026-04-06, 2026-04-13",Germany,DE,Cancellation,cancellation,contact_volume,Contact volume,19.0,18.5,0.5,0.02702702702702703,up,monitor,0.5,12.0,19.0,"Likely cancellation intent increase. Validate against cancellation policy, supply issues, and order mix."
2026-04-20,"2026-03-23, 2026-03-30, 2026-04-06, 2026-04-13",Germany,DE,Missing item,missing_item,contact_volume,Contact volume,18.0,17.5,0.5,0.02857142857142857,up,monitor,0.5,4.0,18.0,Likely demand or operational friction in this contact reason. Validate with reason-level ticket samples and upstream events.
2026-04-20,"2026-03-23, 2026-03-30, 2026-04-06, 2026-04-13",Germany,DE,Refund request,refund_request,contact_volume,Contact volume,8.0,8.5,-0.5,-0.058823529411764705,down,monitor,0.5,6.0,8.0,Monitor signal. Validate sample size and compare with adjacent weeks before escalating.
2026-04-20,"2026-03-23, 2026-03-30, 2026-04-06, 2026-04-13",Poland,PL,Missing item,missing_item,contact_volume,Contact volume,7.0,7.5,-0.5,-0.06666666666666667,down,monitor,0.5,2.0,7.0,Monitor signal. Validate sample size and compare with adjacent weeks before escalating.
2026-04-20,"2026-03-23, 2026-03-30, 2026-04-06, 2026-04-13",Austria,AT,Late delivery,late_delivery,contact_rate,Contact rate,0.0331,0.037825,-0.004725,-0.12491738268341045,better,monitor,0.47250000000000003,7.0,13.0,"Improvement signal. Validate whether it is operationally real, mix-driven, or affected by low sample size."
2026-04-20,"2026-03-23, 2026-03-30, 2026-04-06, 2026-04-13",Germany,DE,Account issue,account_issue,contact_rate,Contact rate,0.003,0.007675,-0.004675,-0.6091205211726385,better,monitor,0.4675,0,3.0,"Improvement signal. Validate whether it is operationally real, mix-driven, or affected by low sample size."
2026-04-20,"2026-03-23, 2026-03-30, 2026-04-06, 2026-04-13",United Kingdom,UK,Missing item,missing_item,contact_rate,Contact rate,0.0081,0.0121,-0.004,-0.3305785123966942,better,monitor,0.4,4.0,7.0,"Improvement signal. Validate whether it is operationally real, mix-driven, or affected by low sample size."
2026-04-20,"2026-03-23, 2026-03-30, 2026-04-06, 2026-04-13",Germany,DE,Account issue,account_issue,cancellation_rate,Cancellation rate,0.042,0.045700000000000005,-0.003700000000000002,-0.08096280087527356,better,monitor,0.3700000000000002,0,3.0,"Improvement signal. Validate whether it is operationally real, mix-driven, or affected by low sample size."
2026-04-20,"2026-03-23, 2026-03-30, 2026-04-06, 2026-04-13",Germany,DE,Cancellation,cancellation,cancellation_rate,Cancellation rate,0.042,0.045700000000000005,-0.003700000000000002,-0.08096280087527356,better,monitor,0.3700000000000002,12.0,19.0,"Improvement signal. Validate whether it is operationally real, mix-driven, or affected by low sample size."
2026-04-20,"2026-03-23, 2026-03-30, 2026-04-06, 2026-04-13",Germany,DE,Late delivery,late_delivery,cancellation_rate,Cancellation rate,0.042,0.045700000000000005,-0.003700000000000002,-0.08096280087527356,better,monitor,0.3700000000000002,5.0,41.0,"Improvement signal. Validate whether it is operationally real, mix-driven, or affected by low sample size."
2026-04-20,"2026-03-23, 2026-03-30, 2026-04-06, 2026-04-13",Germany,DE,Missing item,missing_item,cancellation_rate,Cancellation rate,0.042,0.045700000000000005,-0.003700000000000002,-0.08096280087527356,better,monitor,0.3700000000000002,4.0,18.0,"Improvement signal. Validate whether it is operationally real, mix-driven, or affected by low sample size."
2026-04-20,"2026-03-23, 2026-03-30, 2026-04-06, 2026-04-13",Germany,DE,Payment issue,payment_issue,cancellation_rate,Cancellation rate,0.042,0.045700000000000005,-0.003700000000000002,-0.08096280087527356,better,monitor,0.3700000000000002,4.0,8.0,"Improvement signal. Validate whether it is operationally real, mix-driven, or affected by low sample size."
2026-04-20,"2026-03-23, 2026-03-30, 2026-04-06, 2026-04-13",Germany,DE,Refund request,refund_request,cancellation_rate,Cancellation rate,0.042,0.045700000000000005,-0.003700000000000002,-0.08096280087527356,better,monitor,0.3700000000000002,6.0,8.0,"Improvement signal. Validate whether it is operationally real, mix-driven, or affected by low sample size."
2026-04-20,"2026-03-23, 2026-03-30, 2026-04-06, 2026-04-13",United Kingdom,UK,Account issue,account_issue,cancellation_rate,Cancellation rate,0.0414,0.044175,-0.0027749999999999997,-0.06281833616298811,better,monitor,0.27749999999999997,0,8.0,"Improvement signal. Validate whether it is operationally real, mix-driven, or affected by low sample size."
2026-04-20,"2026-03-23, 2026-03-30, 2026-04-06, 2026-04-13",United Kingdom,UK,Cancellation,cancellation,cancellation_rate,Cancellation rate,0.0414,0.044175,-0.0027749999999999997,-0.06281833616298811,better,monitor,0.27749999999999997,4.0,16.0,"Improvement signal. Validate whether it is operationally real, mix-driven, or affected by low sample size."
2026-04-20,"2026-03-23, 2026-03-30, 2026-04-06, 2026-04-13",United Kingdom,UK,Late delivery,late_delivery,cancellation_rate,Cancellation rate,0.0414,0.044175,-0.0027749999999999997,-0.06281833616298811,better,monitor,0.27749999999999997,8.0,21.0,"Improvement signal. Validate whether it is operationally real, mix-driven, or affected by low sample size."
2026-04-20,"2026-03-23, 2026-03-30, 2026-04-06, 2026-04-13",United Kingdom,UK,Missing item,missing_item,cancellation_rate,Cancellation rate,0.0414,0.044175,-0.0027749999999999997,-0.06281833616298811,better,monitor,0.27749999999999997,4.0,7.0,"Improvement signal. Validate whether it is operationally real, mix-driven, or affected by low sample size."
2026-04-20,"2026-03-23, 2026-03-30, 2026-04-06, 2026-04-13",United Kingdom,UK,Payment issue,payment_issue,cancellation_rate,Cancellation rate,0.0414,0.044175,-0.0027749999999999997,-0.06281833616298811,better,monitor,0.27749999999999997,2.0,8.0,"Improvement signal. Validate whether it is operationally real, mix-driven, or affected by low sample size."
2026-04-20,"2026-03-23, 2026-03-30, 2026-04-06, 2026-04-13",United Kingdom,UK,Refund request,refund_request,cancellation_rate,Cancellation rate,0.0414,0.044175,-0.0027749999999999997,-0.06281833616298811,better,monitor,0.27749999999999997,3.0,12.0,"Improvement signal. Validate whether it is operationally real, mix-driven, or affected by low sample size."
2026-04-20,"2026-03-23, 2026-03-30, 2026-04-06, 2026-04-13",Austria,AT,Payment issue,payment_issue,contact_rate,Contact rate,0.0076,0.010275,-0.0026749999999999994,-0.2603406326034063,better,monitor,0.26749999999999996,3.0,3.0,"Improvement signal. Validate whether it is operationally real, mix-driven, or affected by low sample size."
2026-04-20,"2026-03-23, 2026-03-30, 2026-04-06, 2026-04-13",Germany,DE,Account issue,account_issue,backlog_end_of_week,Backlog,2.0,2.25,-0.25,-0.1111111111111111,better,monitor,0.25,0,3.0,"Improvement signal. Validate whether it is operationally real, mix-driven, or affected by low sample size."
2026-04-20,"2026-03-23, 2026-03-30, 2026-04-06, 2026-04-13",Netherlands,NL,Late delivery,late_delivery,backlog_end_of_week,Backlog,10.0,10.25,-0.25,-0.024390243902439025,better,monitor,0.25,14.0,30.0,"Improvement signal. Validate whether it is operationally real, mix-driven, or affected by low sample size."
2026-04-20,"2026-03-23, 2026-03-30, 2026-04-06, 2026-04-13",United Kingdom,UK,Cancellation,cancellation,backlog_end_of_week,Backlog,4.0,4.25,-0.25,-0.058823529411764705,better,monitor,0.25,4.0,16.0,"Improvement signal. Validate whether it is operationally real, mix-driven, or affected by low sample size."
2026-04-20,"2026-03-23, 2026-03-30, 2026-04-06, 2026-04-13",United Kingdom,UK,Cancellation,cancellation,avg_aht_minutes,AHT,5.99,6.03,-0.040000000000000036,-0.006633499170812609,better,monitor,0.24120000000000022,4.0,16.0,"Improvement signal. Validate whether it is operationally real, mix-driven, or affected by low sample size."
2026-04-20,"2026-03-23, 2026-03-30, 2026-04-06, 2026-04-13",Netherlands,NL,Missing item,missing_item,compensation_cost,Compensation cost,34.46,36.3725,-1.9125000000000014,-0.052580933397484396,better,monitor,0.19125000000000014,3.0,13.0,"Improvement signal. Validate whether it is operationally real, mix-driven, or affected by low sample size."
2026-04-20,"2026-03-23, 2026-03-30, 2026-04-06, 2026-04-13",Poland,PL,Missing item,missing_item,contact_rate,Contact rate,0.0126,0.014425,-0.0018250000000000002,-0.12651646447140383,better,monitor,0.18250000000000002,2.0,7.0,"Improvement signal. Validate whether it is operationally real, mix-driven, or affected by low sample size."
2026-04-20,"2026-03-23, 2026-03-30, 2026-04-06, 2026-04-13",Austria,AT,Missing item,missing_item,avg_aht_minutes,AHT,6.33,6.3525,-0.022499999999999964,-0.003541912632821718,better,monitor,0.1429312499999998,1.0,5.0,"Improvement signal. Validate whether it is operationally real, mix-driven, or affected by low sample size."
2026-04-20,"2026-03-23, 2026-03-30, 2026-04-06, 2026-04-13",Austria,AT,Missing item,missing_item,contact_rate,Contact rate,0.0127,0.014124999999999999,-0.0014249999999999992,-0.10088495575221235,better,monitor,0.1424999999999999,1.0,5.0,"Improvement signal. Validate whether it is operationally real, mix-driven, or affected by low sample size."
2026-04-20,"2026-03-23, 2026-03-30, 2026-04-06, 2026-04-13",United Kingdom,UK,Account issue,account_issue,avg_aht_minutes,AHT,8.13,8.145,-0.014999999999998792,-0.0018416206261508646,better,monitor,0.12217499999999015,0,8.0,"Improvement signal. Validate whether it is operationally real, mix-driven, or affected by low sample size."
2026-04-20,"2026-03-23, 2026-03-30, 2026-04-06, 2026-04-13",Poland,PL,Late delivery,late_delivery,avg_aht_minutes,AHT,7.66,7.675,-0.01499999999999968,-0.0019543973941367663,better,monitor,0.11512499999999755,6.0,23.0,"Improvement signal. Validate whether it is operationally real, mix-driven, or affected by low sample size."
2026-04-20,"2026-03-23, 2026-03-30, 2026-04-06, 2026-04-13",Poland,PL,Late delivery,late_delivery,contact_rate,Contact rate,0.0415,0.042075,-0.0005749999999999991,-0.01366607248960188,better,monitor,0.05749999999999991,6.0,23.0,"Improvement signal. Validate whether it is operationally real, mix-driven, or affected by low sample size."
2026-04-20,"2026-03-23, 2026-03-30, 2026-04-06, 2026-04-13",Germany,DE,Refund request,refund_request,contact_rate,Contact rate,0.008,0.0085,-0.0005000000000000004,-0.058823529411764754,better,monitor,0.050000000000000044,6.0,8.0,"Improvement signal. Validate whether it is operationally real, mix-driven, or affected by low sample size."
2026-04-20,"2026-03-23, 2026-03-30, 2026-04-06, 2026-04-13",Austria,AT,Late delivery,late_delivery,compensation_cost,Compensation cost,70.83,71.0525,-0.2224999999999966,-0.003131487280531953,better,monitor,0.02224999999999966,7.0,13.0,"Improvement signal. Validate whether it is operationally real, mix-driven, or affected by low sample size."
2026-04-20,"2026-03-23, 2026-03-30, 2026-04-06, 2026-04-13",Austria,AT,Account issue,account_issue,fcr_rate,FCR,1.0,1.0,0.0,0.0,flat,monitor,0.0,1.0,4.0,Monitor signal. Validate sample size and compare with adjacent weeks before escalating.
2026-04-20,"2026-03-23, 2026-03-30, 2026-04-06, 2026-04-13",Austria,AT,Account issue,account_issue,avg_csat,CSAT,4.0,4.0,0.0,0.0,flat,monitor,0.0,1.0,4.0,Monitor signal. Validate sample size and compare with adjacent weeks before escalating.
2026-04-20,"2026-03-23, 2026-03-30, 2026-04-06, 2026-04-13",Austria,AT,Account issue,account_issue,compensation_cost,Compensation cost,0.0,0.0,0.0,,flat,monitor,0.0,1.0,4.0,Monitor signal. Validate sample size and compare with adjacent weeks before escalating.
2026-04-20,"2026-03-23, 2026-03-30, 2026-04-06, 2026-04-13",Austria,AT,Cancellation,cancellation,compensation_cost,Compensation cost,0.0,0.0,0.0,,flat,monitor,0.0,3.0,9.0,Monitor signal. Validate sample size and compare with adjacent weeks before escalating.
2026-04-20,"2026-03-23, 2026-03-30, 2026-04-06, 2026-04-13",Austria,AT,Missing item,missing_item,fcr_rate,FCR,1.0,1.0,0.0,0.0,flat,monitor,0.0,1.0,5.0,Monitor signal. Validate sample size and compare with adjacent weeks before escalating.
2026-04-20,"2026-03-23, 2026-03-30, 2026-04-06, 2026-04-13",Austria,AT,Payment issue,payment_issue,compensation_cost,Compensation cost,0.0,0.0,0.0,,flat,monitor,0.0,3.0,3.0,Monitor signal. Validate sample size and compare with adjacent weeks before escalating.
2026-04-20,"2026-03-23, 2026-03-30, 2026-04-06, 2026-04-13",Germany,DE,Account issue,account_issue,compensation_cost,Compensation cost,0.0,0.0,0.0,,flat,monitor,0.0,0,3.0,Monitor signal. Validate sample size and compare with adjacent weeks before escalating.
2026-04-20,"2026-03-23, 2026-03-30, 2026-04-06, 2026-04-13",Germany,DE,Cancellation,cancellation,backlog_end_of_week,Backlog,4.0,4.0,0.0,0.0,flat,monitor,0.0,12.0,19.0,Monitor signal. Validate sample size and compare with adjacent weeks before escalating.
2026-04-20,"2026-03-23, 2026-03-30, 2026-04-06, 2026-04-13",Germany,DE,Cancellation,cancellation,compensation_cost,Compensation cost,0.0,0.0,0.0,,flat,monitor,0.0,12.0,19.0,Monitor signal. Validate sample size and compare with adjacent weeks before escalating.
2026-04-20,"2026-03-23, 2026-03-30, 2026-04-06, 2026-04-13",Germany,DE,Payment issue,payment_issue,compensation_cost,Compensation cost,0.0,0.0,0.0,,flat,monitor,0.0,4.0,8.0,Monitor signal. Validate sample size and compare with adjacent weeks before escalating.
2026-04-20,"2026-03-23, 2026-03-30, 2026-04-06, 2026-04-13",Netherlands,NL,Account issue,account_issue,fcr_rate,FCR,1.0,1.0,0.0,0.0,flat,monitor,0.0,0,3.0,Monitor signal. Validate sample size and compare with adjacent weeks before escalating.
2026-04-20,"2026-03-23, 2026-03-30, 2026-04-06, 2026-04-13",Netherlands,NL,Account issue,account_issue,compensation_cost,Compensation cost,0.0,0.0,0.0,,flat,monitor,0.0,0,3.0,Monitor signal. Validate sample size and compare with adjacent weeks before escalating.
2026-04-20,"2026-03-23, 2026-03-30, 2026-04-06, 2026-04-13",Netherlands,NL,Cancellation,cancellation,compensation_cost,Compensation cost,0.0,0.0,0.0,,flat,monitor,0.0,3.0,14.0,Monitor signal. Validate sample size and compare with adjacent weeks before escalating.
2026-04-20,"2026-03-23, 2026-03-30, 2026-04-06, 2026-04-13",Netherlands,NL,Payment issue,payment_issue,compensation_cost,Compensation cost,0.0,0.0,0.0,,flat,monitor,0.0,3.0,9.0,Monitor signal. Validate sample size and compare with adjacent weeks before escalating.
2026-04-20,"2026-03-23, 2026-03-30, 2026-04-06, 2026-04-13",Poland,PL,Account issue,account_issue,compensation_cost,Compensation cost,0.0,0.0,0.0,,flat,monitor,0.0,1.0,6.0,Monitor signal. Validate sample size and compare with adjacent weeks before escalating.
2026-04-20,"2026-03-23, 2026-03-30, 2026-04-06, 2026-04-13",Poland,PL,Account issue,account_issue,cancellation_rate,Cancellation rate,0.0415,0.0415,0.0,0.0,flat,monitor,0.0,1.0,6.0,Monitor signal. Validate sample size and compare with adjacent weeks before escalating.
2026-04-20,"2026-03-23, 2026-03-30, 2026-04-06, 2026-04-13",Poland,PL,Cancellation,cancellation,fcr_rate,FCR,1.0,1.0,0.0,0.0,flat,monitor,0.0,2.0,17.0,Monitor signal. Validate sample size and compare with adjacent weeks before escalating.
2026-04-20,"2026-03-23, 2026-03-30, 2026-04-06, 2026-04-13",Poland,PL,Cancellation,cancellation,compensation_cost,Compensation cost,0.0,0.0,0.0,,flat,monitor,0.0,2.0,17.0,Monitor signal. Validate sample size and compare with adjacent weeks before escalating.
2026-04-20,"2026-03-23, 2026-03-30, 2026-04-06, 2026-04-13",Poland,PL,Cancellation,cancellation,cancellation_rate,Cancellation rate,0.0415,0.0415,0.0,0.0,flat,monitor,0.0,2.0,17.0,Monitor signal. Validate sample size and compare with adjacent weeks before escalating.
2026-04-20,"2026-03-23, 2026-03-30, 2026-04-06, 2026-04-13",Poland,PL,Late delivery,late_delivery,cancellation_rate,Cancellation rate,0.0415,0.0415,0.0,0.0,flat,monitor,0.0,6.0,23.0,Monitor signal. Validate sample size and compare with adjacent weeks before escalating.
2026-04-20,"2026-03-23, 2026-03-30, 2026-04-06, 2026-04-13",Poland,PL,Missing item,missing_item,cancellation_rate,Cancellation rate,0.0415,0.0415,0.0,0.0,flat,monitor,0.0,2.0,7.0,Monitor signal. Validate sample size and compare with adjacent weeks before escalating.
2026-04-20,"2026-03-23, 2026-03-30, 2026-04-06, 2026-04-13",Poland,PL,Payment issue,payment_issue,compensation_cost,Compensation cost,0.0,0.0,0.0,,flat,monitor,0.0,2.0,4.0,Monitor signal. Validate sample size and compare with adjacent weeks before escalating.
2026-04-20,"2026-03-23, 2026-03-30, 2026-04-06, 2026-04-13",Poland,PL,Payment issue,payment_issue,cancellation_rate,Cancellation rate,0.0415,0.0415,0.0,0.0,flat,monitor,0.0,2.0,4.0,Monitor signal. Validate sample size and compare with adjacent weeks before escalating.
2026-04-20,"2026-03-23, 2026-03-30, 2026-04-06, 2026-04-13",Poland,PL,Refund request,refund_request,cancellation_rate,Cancellation rate,0.0415,0.0415,0.0,0.0,flat,monitor,0.0,3.0,9.0,Monitor signal. Validate sample size and compare with adjacent weeks before escalating.
2026-04-20,"2026-03-23, 2026-03-30, 2026-04-06, 2026-04-13",United Kingdom,UK,Account issue,account_issue,compensation_cost,Compensation cost,0.0,0.0,0.0,,flat,monitor,0.0,0,8.0,Monitor signal. Validate sample size and compare with adjacent weeks before escalating.
2026-04-20,"2026-03-23, 2026-03-30, 2026-04-06, 2026-04-13",United Kingdom,UK,Cancellation,cancellation,compensation_cost,Compensation cost,0.0,0.0,0.0,,flat,monitor,0.0,4.0,16.0,Monitor signal. Validate sample size and compare with adjacent weeks before escalating.
2026-04-20,"2026-03-23, 2026-03-30, 2026-04-06, 2026-04-13",United Kingdom,UK,Payment issue,payment_issue,avg_csat,CSAT,4.5,4.5,0.0,0.0,flat,monitor,0.0,2.0,8.0,Monitor signal. Validate sample size and compare with adjacent weeks before escalating.
2026-04-20,"2026-03-23, 2026-03-30, 2026-04-06, 2026-04-13",United Kingdom,UK,Payment issue,payment_issue,compensation_cost,Compensation cost,0.0,0.0,0.0,,flat,monitor,0.0,2.0,8.0,Monitor signal. Validate sample size and compare with adjacent weeks before escalating.
